# sorted by last name
#
Boon Chiaweng <booncw@hotmail.com>
Boon Chiaweng <booncw@hotmail.com> ChiaWeng Boon <booncw@hotmail.com>
#
Rémi Cailletaud <remi.cailletaud@hmg.inpg.fr> remche <remche@remche.org>
#
Robert Caulk <rob.caulk@gmail.com> robcaulk <rob.caulk@gmail.com>
#
Bruno Chareyre <bruno.chareyre@hmg.inpg.fr> Bruno Chareyre <bruno.chareyre@grenoble-inp.fr>
Bruno Chareyre <bruno.chareyre@hmg.inpg.fr> bchareyre <bruno.chareyre@grenoble-inp.fr>
Bruno Chareyre <bruno.chareyre@hmg.inpg.fr> Bruno Chareyre <bruno.chareyre@hmg.inpg.fr>
Bruno Chareyre <bruno.chareyre@hmg.inpg.fr> Bruno Chareyre <bchareyre@gmail.com>
#
Jan Depue <jan.depue@ugent.com> jan <jan.depue@ugent.com>
#
Jerome Duriez <jerome.duriez@3sr-grenoble.fr> Jerome Duriez <duriez@geo.hmg.inpg.fr>
Jerome Duriez <jerome.duriez@3sr-grenoble.fr> jduriez <jerome.duriez@ucalgary.ca>
Jerome Duriez <jerome.duriez@3sr-grenoble.fr> Jerome Duriez <jerome.duriez@irstea.fr>
Jerome Duriez <jerome.duriez@3sr-grenoble.fr> Jerome Duriez <jerome.duriez@3sr-grenoble.fr>
Jerome Duriez <jerome.duriez@3sr-grenoble.fr> jduriez <jerome.duriez@irstea.fr>
Jerome Duriez <jerome.duriez@3sr-grenoble.fr> jduriez <jerome.duriez@3sr-grenoble.fr>
#
Alexander Eulitz <alexander.eulitz@iwf.tu-berlin.de> Kubeu <alexander.eulitz@iwf.tu-berlin.de>
Alexander Eulitz <alexander.eulitz@iwf.tu-berlin.de> Alexander Eulitz <Alexander.Eulitz@iwf.tu-berlin.de>
#
Anton Gladky <gladky.anton@gmail.com> Anton Gladky <gladk@debian.org>
Anton Gladky <gladky.anton@gmail.com> Anton Gladky <gladk@bdebian.org>
#
Christian Jakob <jakob@ifgt.tu-freiberg.de> christian <christian@localhost.localdomain>
#
François Kneib <francois.kneib@gmail.com> Francois Kneib <batzkass@gmail.com>
François Kneib <francois.kneib@gmail.com> François Kneib <franz@XPS15z.(none)>
François Kneib <francois.kneib@gmail.com> Francois <francois.kneib@gmail.com>
François Kneib <francois.kneib@gmail.com> françois <francois.kneib@gmail.com>
François Kneib <francois.kneib@gmail.com> Francois Kneib <francois.kneib@gmail.com>
#
Deepak Kunhappan <deepak.kunhappan@3sr-grenoble.fr> dpkn31 <deepak.kn1990@gmail.com>
Deepak Kunhappan <deepak.kunhappan@3sr-grenoble.fr> Deepak kn <deepak.kn1990@gmail.com>
#
Janek Kozicki <jkozicki-yade@pg.edu.pl> Janek Kozicki <janek_listy@wp.pl>
Janek Kozicki <jkozicki-yade@pg.edu.pl> Janek Kozicki <janek@kozicki.pl>
Janek Kozicki <jkozicki-yade@pg.edu.pl> Janek Kozicki <cosurgi@berlios.de>
Janek Kozicki <jkozicki-yade@pg.edu.pl> Janek Kozicki <cosurgi@gmail.com>
#
Donia Marzougui <donia.marzougui@hmg.inpg.fr> Donia <donia.marzougui@3sr-grenoble.fr>
Donia Marzougui <donia.marzougui@hmg.inpg.fr> Donia <donia.marzougui@hmg.inpg.fr>
Donia Marzougui <donia.marzougui@hmg.inpg.fr> Donia Marzougui <marzougui.donia@hotmail.fr>
Donia Marzougui <donia.marzougui@hmg.inpg.fr> dmarzougui <donia.marzougui@hmg.inpg.fr>
#
Raphaël Maurin <raphael.maurin@imft.fr> Raphael Maurin <raph_maurin@hotmail.com>
Raphaël Maurin <raphael.maurin@imft.fr> Raphaël Maurin <raphael.maurin@imft.fr>
Raphaël Maurin <raphael.maurin@imft.fr> raphm1 <raph_maurin@hotmail.com>
Raphaël Maurin <raphael.maurin@imft.fr> raphm1 <raphael.maurin@imft.fr>
Raphaël Maurin <raphael.maurin@imft.fr> Raphaël Maurin <raphael.maurin@irstea.fr>
#
Luc Scholtes <lscholtes63@gmail.com> <scholtes1@scholtes1-HP-Z820-Workstation.(none)>
Luc Scholtes <lscholtes63@gmail.com> lucScholtes <lscholtes63@gmail.com>
Luc Scholtes <lscholtes63@gmail.com> scholtes <scholtes1@scholtes1-HP-Z820-Workstation.(none)>
Luc Scholtes <lscholtes63@gmail.com> luc scholtes <lscholtes63@gmail.com>
#
Luc Sibille <luc.sibille@3sr-grenoble.fr> Luc Sibille <luc.sibille@univ-nantes.fr>
Luc Sibille <luc.sibille@3sr-grenoble.fr> lsibille <luc.sibille@3sr-grenoble.fr>
#
Thomas Sweijen <thomasje100@outlook.com> T Sweijen <thomasje100@outlook.com>
Thomas Sweijen <thomasje100@outlook.com> thomassweijen <thomassweijen@live.nl>
#
Jan Stránský <jan.stransky@fsv.cvut.cz> Jan Stransky <jan.stransky@fsv.cvut.cz>
Jan Stránský <jan.stransky@fsv.cvut.cz> Jan Stránský <_honzik@centrum.cz>
Jan Stránský <jan.stransky@fsv.cvut.cz> Jan Stránský <honzik.stransky@gmail.com>
#
William Chèvremont <william.chevremont@univ-grenoble-alpes.fr>
William Chèvremont <william.chevremont@univ-grenoble-alpes.fr> williamchevremont <william@vinsamour.be>
William Chèvremont <william.chevremont@univ-grenoble-alpes.fr> William Chèvremont <william@vinsamour.be>
#
Chao Yuan <chaoyuan2012@gmail.com> cyuan <chaoyuan2012@gmail.com>
Chao Yuan <chaoyuan2012@gmail.com> Chao YUAN <chaoyuan2012@gmail.com>
Chao Yuan <chaoyuan2012@gmail.com> cyuanLaptop <chaoyuan2012@gmail.com>
Chao Yuan <chaoyuan2012@gmail.com> Thinkpad <chaoyuan@ubuntu.ubuntu-domain>
